start_station_name,start_station_id
Frederick Douglass Blvd & W 145 St,7954.12
W 54 St & 6 Ave,6771.13
E 11 St & Ave B,5659.11
Madison Ave & E 99 St,7443.01
Butler St & Court St,4339.01
Columbia St & Kane St,4422.05
West End Ave & W 107 St,7650.05
108 St & 39 Ave,6490.02
57 St & Grand Ave,5440.05
Melrose Ave & E 154 St,7918.12
Wyckoff Ave & Gates Ave,4847.03
12 Ave & W 40 St,6765.01
31 St & Newtown Ave,6923.2
Woodward Ave & Harman St,5074.08
St Nicholas Ave & W 137 St,7898.03
Broadway & Kent Ave,5134.09
Clinton St & Tillary St,4748.07
5 Av & W 139 St,7851.04
Amsterdam Ave & W 119 St,7727.07
E 13 St & Ave A,5779.09
8 Ave & W 27 St,6297.07
1 Ave & E 18 St,5854.09
Schermerhorn St & Hoyt St,4479.1
W 47 St & 10 Ave,6824.07
E 106 St & Lexington Ave,7504.18
38 Ave & 29 St,6538.11
E 72 St & York Ave,6889.12
5 Ave & E 135 St,7769.06
11 Ave & W 27 St,6425.04
Fort Hamilton Pkwy & E 5 St,3240.15
6 Ave & Walker St,5430.1
Grand Concourse & E 164 St,8057.02
E 170 St & Clay Ave,8156.01
Willoughby St & Fleet St,4628.05
W 100 St & Broadway,7580.01
99 St & 35 Ave,6542.05
Audubon Ave & W 192 St,8469.05
Central Park W & W 97 St,7538.18
Walton Ave & E 168 St,8179.03
E 116 St & 2 Ave,7563.06
Broadway & Hancock St,4441.06
E 16 St & Irving Pl,5938.11
Myrtle Ave & 65 St,4862.04
Broadway & W 37 St,6441.02
Murray St & West St,5329.08
44 St & 48 Ave,6058.08
Milton St & Franklin St,5752.07
E 170 St & Sheridan Ave,8194.07
W Burnside Ave & University Ave,8425.01
Catalpa Ave & Woodward Ave,4912.1
Maple St & Albany Ave,3608.06
90 St & 32 Ave,6668.06
St Ann's Ave & Westchester Ave,7835.1
21 St & Queens Plaza North,6471.02
Carlton Ave & St Marks Ave,4199.13
99 St & Astoria Blvd,6733.01
E 155 St & Courtlandt Ave,7940.02
Steinway St & 28 Ave,6915.02
20 Ave & 31 St,7256.01
Grand St & Elizabeth St,5382.06
Hancock St & Wyckoff Ave,4735.16
Adam Clayton Powell Blvd & W 130 St,7774.02
Prospect Park W & 20 St,3507.04
Corona Ave & 98 St,6188.04
Goulden Ave & W 205 St,8799.01
White St & Moore St,4987.06
35 St & 21 Ave,7170.04
Ditmars Blvd & 79 St,6994.06
57 Ave & 98 Pl,6028.01
E 23 St & 1 Ave,5929.01
Perry St & Greenwich Ave,5955.12
W 37 St & 5 Ave,6398.06
Allen St & Hester St,5342.1
E 9 St & 5 Ave,5872.1
Lawrence St & Willoughby St,4596.09
Palmetto St & Traffic Ave,5129.01
E 31 St & 3 Ave,6239.08
Grand Ave & 55 St,5369.01
79 St & Woodside Ave,6174.03
Great Jones St,5636.11
Crescent St & 35 Ave,6688.01
Andrew Ave N & Hall of Fame Tce,8520.01
W 35 St & Dyer Ave,6569.08
Broadway & W 51 St,6779.04
Park Ave & E 179 St,8374.02
Smith St & 9 St,4077.04
Center Blvd & 48 Ave,6254.06
Devoe St & Morgan Ave,5282.02
Bushwick Ave & Powers St,5250.05
47 Ave & Skillman Ave,6237.01
Stagg St & Morgan Ave,5170.01
W 110 St & Amsterdam Ave,7646.04
E 141 St & Jackson Ave,7703.14
Greenpoint Ave & 47 St,6134.03
Reade St & Broadway,5247.1
72 St & 41 Ave,6258.03
Southern Blvd & E 142 St,7719.13
10 Ave & W 207 St,8613.09
32 Ave & 81 St,6677.03
Paul Ave & W 205 St,8782.01
Park Pl & Thomas S. Boyland St,3950.03
Broadway & W 160 St,8157.06
Leonard St & Boerum St,5036.06
W 30 St & 8 Ave,6373.07
Parkside Ave & Ocean Ave,3448.02
49 Ave & 27 St,6119.01
Driggs Ave & N 9 St,5411.08
25 Ave & 96 St,6877.06
South St & Pike St,5159.07
47 St & 3 Ave,3243.02
Bushwick Ave & Forrest St,4914.03
Bergen St & 4 Ave,4322.06
Metropolitan Ave & 65 Ln,5160.01
Cortelyou Rd & E 19 St,3022.01
Broadway & W 131 St,7865.09
Linden Blvd & Nostrand Ave,3359.03
Fulton St & Waverly Ave,4345.11
Adam Clayton Powell Blvd & W 115 St,7643.18
6 Ave & Broome St,5610.09
W 33 St & 10 Ave,6492.04
Fulton St & Broadway,5175.08
Broadway & Morris St,5033.01
Clarkson Ave & Utica Ave,3486.02
Broadway & W 122 St,7783.18
Carlton Ave & Dean St,4199.12
Albany Ave & Fulton St,4237.02
Eastern Pkwy\t& St Marks Ave,3982.01
34 Ave & 38 St,6638.01
Devoe St & Lorimer St,5259.06
Van Dam St & Meeker Ave,5572.07
E 66 St & Madison Ave,6969.08
E 85 St & York Ave,7146.04
E 40 St & Park Ave,6432.11
W 31 St & 7 Ave,6331.01
34 Ave & 83 St,6518.08
W 15 St & 10 Ave,6115.09
India St & Manhattan Ave,5826.02
Market St & Cherry St,5198.04
W 171 St & St Nicholas Ave,8262.07
Engert Ave & McGuinness Blvd,5473.03
Pacific St & Utica Ave,4154.02
Intervale Ave & Westchester Ave,7948.1
Frederick Douglass Blvd & W 115 St,7658.13
Nevins St & Schermerhorn St,4437.09
Madison St & Clinton St,5190.07
E 165 St & Jerome Ave,8130.02
University Pl & E 14 St,5905.14
E 51 St & 1 Ave,6532.06
Madison St & Cypress Ave,4807.02
Woodhaven Blvd & Hoffman Dr,5845.02
Myrtle Ave & Grove St,4816.05
E 6 St & 2 Ave,5669.12
E 17 St & Broadway,5980.07
Marcy Ave & Lafayette Ave,4476.03
Broadway & W 48 St,6708.04
Lenox Ave & W 126 St,7720.03
Irving Ave & Harman St,4856.05
Duffield St & Willoughby St,4596.05
24 St & 41 Ave,6505.09
Jackson St & Leonard St,5332.1
Old Fulton St,4903.08
Grand Concourse & E 166 St,8092.06
W 90 St & Amsterdam Ave,7432.04
Suydam St & Knickerbocker Ave,4939.07
Cypress Hills St & Otto Rd,4904.03
Greenwich Ave & Charles St,5914.08
E 182 St & Park Ave,8451.07
51 St & Hobart St,6662.09
2 Ave & E 99 St,7386.1
W 10 St & Washington St,5847.06
E 11 St & Broadway,5829.12
Front St & Jay St,4895.03
Roosevelt Island Tramway,6599.01
Adam Clayton Powell Blvd & W 118 St,7670.09
E 138 St & 5 Ave,7809.13
St Nicholas Ave & W 126 St,7756.1
Dock St & Front St,4903.09
Hart St & Wyckoff Ave,4971.01
6 Ave & 12 St,3803.05
E 74 St & 1 Ave,6953.08
Southern Blvd & E 180 St,8325.08
W 42 St & Dyer Ave,6644.07
Convent Ave & W 135 St,7860.08
Orchard St & Grand St,5343.11
3 Ave & E 109 St,7504.19
21 St & 36 Ave,6729.02
38 St & 30 Ave,6850.01
50 Ave & 65 St,5956.05
52 St & 1 Ave,3253.01
Astoria Park S & Shore Blvd,7159.08
St Nicholas Ave & W 157 St,8085.09
Jerome Ave & E Mosholu Pkwy S,8795.01
Onderdonk Ave & Gates Ave,4994.1
Shore Blvd & Astoria Park,7271.01
60 Pl & Linden St,5097.02
46 St & 7 Ave,3117.05
Grand Concourse & E 196 St,8635.08
E 138 St & Cypress Ave,7669.1
92 St & 35 Ave,6509.07
Rugby Rd & Beverley Rd,3113.06
St Johns Pl & Kingston Ave,3943.03
Eastern Pkwy & Rochester Ave,3853.02
Frost St & Debevoise Ave,5433.04
N 11 St & Kent Ave,5489.04
Eastern Pkwy & Brooklyn Ave,3871.02
College Ave & E 169 St,8141.05
College Ave & E 170 St,8175.06
Clay Ave & Claremont Pkwy,8225.05
94 St & 57 Ave,5920.03
Broadway & W 142 St,7981.16
Jerome Ave & E 198 St,8720.02
60 Ave & Junction Blvd,5878.02
82 St & 30 Ave,6748.04
31 Ave & 86 St,6709.05
6 Ave & 21 St,3628.11
43 St & Broadway,6670.03
Jefferson St & Cypress Ave,5082.08
Willoughby Ave & Hall St,4611.03
Henry St & Atlantic Ave,4531.05
Corona Ave & 111 St,6053.01
3 Ave & E 174 St,8241.07
34 Ave & Junction Blvd,6585.11
W 148 St & Amsterdam Ave,8033.09
E 149 St & Eagle Ave,7793.02
Broadway & E 19 St,6098.12
Macombs Pl & W 152 St,8029.28
39 St & 50 Ave,6025.08
17 St & 5 Ave,3699.07
3 Ave & E 170 St,8137.06
23 Ave & 83 St,6921.04
5 Ave & E 103 St,7511.19
W 238 St & Tibbett Ave,8897.05
37 Ave & 35 St,6529.02
4 Ave & 26 St,3596.04
34 Ave & 113 St,6642.08
Fort Washington Ave & W 190 St,8496.01
Albemarle Rd & McDonald Ave,3166.03
Central Park North & Adam Clayton Powell Blvd,7617.07
Lexington Ave & E 36 St,6313.1
E Houston St & Columbia St,5436.11
Market St & Henry St,5270.09
E 39 St & Lexington Ave,6389.09
Morris Ave & E 153 St,7901.04
E 80 St & 2 Ave,7121.02
Rockaway Ave & Bainbridge St,4285.09
Lafayette St & E 8 St,5788.13
Van Buren St & Broadway,4568.01
Nassau St & Duffield St,4781.05
Greene St & Prince St,5602.06
Clinton St & Union St,4266.03
Park Pl & Church St,5288.08
Sterling Pl & Rochester Ave,3925.03
Hancock St & Stuyvesant Ave,4383.06
Broadway & 49 St,6587.04
1 Ave & E 62 St,6753.08
56 Dr & 61 St,5540.06
Broadway & Moylan Pl,7823.03
Macombs Rd & W 175 St,8344.04
2 Ave & E 96 St,7338.02
Cathedral Pkwy & Broadway,7680.03
46 St & 6 Ave,3161.02
6 Ave & 55 St,3000.08
Church Ave & McDonald Ave,3090.06
Stuyvesant Walk & 1 Ave Loop,5854.1
Sterling Pl & 5 Ave,4208.01
E 163 St & Tiffany St,7927.08
Bushwick Ave & Harman St,4640.01
5 Ave & 3 St,3987.06
Bailey Ave & W 238 St,8862.02
3 Ave & 17 St,3779.02
E 176 St & Clinton Ave,8272.08
Southern Blvd & Tiffany St,7867.04
Riverside Dr & W 91 St,7524.16
Greene Ave & Grandview Ave,5106.04
3 Ave & E 112 St,7543.15
Bridge St & York St,4853.06
Carroll St & Columbia St,4348.07
Kenmare St & Elizabeth St,5453.06
Audubon Ave & Fort George Ave,8491.07
River Ave & McClellan St,8111.07
46 Rd & 11 St,6245.08
Grand Concourse & E 197 St,8667.01
Caton Ave & E 7 St,3199.01
Boston Rd & West Farms Rd,8212.01
49 Ave & 21 St,6128.04
1 Ave & E 6 St,5626.15
W 47 St & 9 Ave,6786.02
E 48 St & 3 Ave,6541.03
Crescent St & 34 Ave,6759.15
61 St & 39 Ave,6307.07
Cypress Ave & George St,4765.07
Queens Blvd & 56 Ave,5887.03
Hughes Ave & Oak Tree Pl,8369.08
Lexington Ave & Patchen Ave,4534.06
West Drive & Prospect Park West,3651.04
61 St & Woodside Ave,6191.06
Henry St & W 9 St,4086.06
Laight St & Hudson St,5539.06
Chauncey St & Malcolm X Blvd,4228.06
6 Ave & W 45 St,6593.15
E 114 St & 1 Ave,7540.02
21 St & Hoyt Ave S,7126.01
W 133 St & 12 Ave,7925.04
Putnam Ave & Knickerbocker Ave,4663.06
4 Ave & 3 St,4028.04
Stephen St & Seneca Ave,4798.1
Soissons Landing,4590.01
Grand Ave & Remsen Pl,5570.04
2 Ave & E 122 St,7622.12
34 Ave & 45 St,6596.1
Bedford Ave & Beverley Rd,3140.09
Prospect Ave & Greenwood Ave,3312.07
Amsterdam Ave & W 60 St,7023.09
59 St & 59 Rd,5401.03
Howard St & Lafayette St,5422.04
Clinton Ave & Myrtle Ave,4651.02
Ithaca St & Baxter Ave,6323.11
8 Ave & W 38 St,6526.05
Clay Ave & E 173 St,8281.06
Center Blvd & 51 Ave,6179.07
Vernon Blvd & 47 Rd,6212.08
63 St & 59 Dr,5392.04
Barclay St & Church St,5216.04
S 5 Pl & S 5 St,5125.03
Eastern Pkwy & Schenectady Ave,3893.03
E 2 St & Ave B,5515.02
64 St & 51 Ave,5956.04
Lexington Ave & E 127 St,7662.13
Water St & Fletcher St,5024.1
3 Ave & E 172 St,8205.05
28 Ave & 35 St,6951.03
98 St & 25 Ave,6840.02
7 Ave & 17 St,3660.07
31 Ave & 84 St,6709.01
Division Ave & Hooper St,5045.05
Sunken Meadow Comfort Station,7571.01
Snyder Ave & Schenectady Ave,3300.06
Fulton St & Saratoga Ave,4179.03
Van Sinderen Ave & Atlantic Ave,4087.01
76 St & 45 Ave,6099.02
Buffalo Ave & St John's Pl,3885.06
Thomas S. Boyland St & Macon St,4325.03
Cedar Ave & W Fordham Rd,8575.02
Decatur Ave & E 197 St,8597.01
Halsey St & Tompkins Ave,4319.07
Bailey Ave & W 229 St,8741.01
Bainbridge Ave & E 198 St,8649.03
E Mosholu Pkwy & Van Cortlandt Ave E,8778.01
53 St & 5 Ave,3129.08
Alexander Ave & E 134 St,7712.04
Judge St & Britton Ave,6207.06
Van Brunt St & Van Dyke St,4095.1
65 Pl & 53 Ave,5764.02
Morris Ave & E 184 St,8550.04
Loring Pl North & W 183 St,8555.05
E 184 St & 3 Ave,8467.03
57 St & 37 Ave,6426.05
Fresh Pond Rd & Eliot Ave,5280.03
Powers St & Olive St,5210.01
Sedgwick Ave & W Burnside Ave,8465.01
Columbia St & Lorraine St,4013.08
Ditmars Blvd & 76 St,6927.03
7 Ave & Park Pl,4125.07
Pike St & Monroe St,5159.04
E 85 St & 3 Ave,7212.05
Greenpoint Ave & West St,5752.09
Amsterdam Ave & W 131 St,7842.16
W 84 St & Columbus Ave,7382.04
E 47 St & 2 Ave,6498.1
E 56 St & 3 Ave,6691.11
3 Ave & E 163 St,7974.01
Broadway & W 168 St,8226.06
W 192 St & University Ave,8639.01
Marcus Garvey Blvd & Macon St,4278.03
Dahill Rd & 12 Ave,3208.07
Commerce St & Van Brunt St,4243.01
Jerome Ave & W 184 St,8550.01
E 51 St & Linden Blvd,3373.01
Morgan Bike Mechanics,8898.05
27 Ave & 3 St,7132.08
Van Cortlandt Park S & Gouverneur Ave,8876.04
37 Ave & 113 St,6524.09
24 Ave & 87 St,6885.01
Pitkin Ave & Grafton St,3877.04
Amsterdam Ave & W 180 St,8353.02
E 1 St & 1 Ave,5593.01
Brooklyn Ave & Prospect Pl,4057.04
State St & Smith St,4522.07
W 233 St & Albany Crescent,8802.05
62 St & 34 Ave,6460.06
Frederick Douglass Blvd & W 112 St,7631.23
Jackson Ave & 46 Rd,6203.02
E 94 St & Madison Ave,7344.01
W 218 St & Broadway,8715.06
Washington St & Gansevoort St,6039.06
E 191 St & Bathgate Ave,8541.04
Metropolitan Ave & Meeker Ave,5300.05
58 St & 32 Ave,6579.03
Degraw St & 3 Ave,4217.06
Anderson Ave & W 164 St,8096.03
30 Ave & 80 St,6787.02
51 Ave & Van Loon St,6047.03
Park Ave & Marcus Garvey Blvd,4768.02
E 60 St & York Ave,6682.08
Bank St & Hudson St,5922.08
Menahan St & Onderdonk Ave,5034.03
Walker St & Baxter St,5351.07
Brevoort Pl & Bedford Ave,4181.1
Catherine St & Monroe St,5128.04
E 8 St & Caton Ave,3272.01
Kosciuszko St & Tompkins Ave,4553.04
Halsey St & Ralph Ave,4334.02
19 St & 24 Ave,7186.15
Valentine Ave & E 181 St,8435.04
South St & Broad St,4920.13
Ditmars Blvd & 102 St,6970.02
Bailey Ave & W 234 St,8831.03
Somers St & Broadway,4203.04
24 St & 38 Ave,6581.14
Halsey St & Broadway,4366.01
Seneca Ave & Decatur St,4757.06
Maple St & Flatbush Ave,3593.01
Lott St & Erasmus St,3327.01
Vernon Blvd & 10 St,6937.07
Echo Pl & Grand Concourse,8379.06
65 St & Roosevelt Ave,6267.08
W 21 St & 6 Ave,6140.05
Amsterdam Ave & W 136 St,7920.05
W 49 St & 8 Ave,6747.06
E 12 St & Ave C,5616.08
Congress St & Hicks St,4497.09
Riverside Dr & W 138 St,7942.21
St Nicholas Ave & W 134 St,7837.3
10 Ave & W 202 St,8543.01
Pioneer St & Van Brunt St,4169.04
E 49 St & Church Ave,3300.04
9 Ave & W 33 St,6492.08
Davis St & Jackson Ave,6278.05
41 Ave & 80 St,6249.02
Crown St & Troy Ave,3751.05
Leonard St & Nassau Ave,5550.09
Kosciuszko St & Nostrand Ave,4519.04
Crescent Ave & Belmont Ave,8447.07
E 182 St & Belmont Ave,8410.1
Menahan St & Seneca Ave,4963.13
Montgomery St & Franklin Ave,3776.05
Lafayette Ave & Hunts Point Ave,7883.06
Ditmars Blvd & 48 St,6935.01
Schenectady Ave & Pacific St,4080.01
Verona Pl & Fulton St,4214.04
S 4 St & Wythe Ave,5204.05
1 Ave & E 44 St,6379.03
8 Ave & W 49 St,6747.07
Dean St & Rockaway Ave,4096.08
Grove St & Broadway,4526.01
Monroe St & Tompkins Ave,4434.06
Bedford Ave & Maple St,3625.04
Patchen Ave & Bainbridge St,4261.03
S 2 St & Kent Ave,5276.04
Pacific St & Classon Ave,4148.07
Wyckoff Ave & Jefferson St,5051.01
Cortelyou Rd & Stratford Rd,2898.01
Union Ave & Jackson St,5300.06
Onderdonk Ave & Dekalb Ave,5115.01
45 St & 4 Ave,3275.03
104 St & 32 Ave,6692.03
57 St & 43 Ave,6158.06
New York Ave & Lenox Rd,3431.02
60 Pl & 67 Ave,4985.09
Crotona Ave & E 179 St,8330.05
Franklin Ave & E 169 St,8118.02
38 St & Northern Blvd,6486.07
E New York Ave & Troy Ave,3680.04
Dawson St & Intervale Ave,7888.1
West End Ave & W 60 St,7059.08
Melrose Ave & E 150 St,7879.01
E 106 St & 1 Ave,7456.03
E 13 St & 2 Ave,5820.08
Roosevelt Ave & 104 St,6414.07
Waterbury St & Stagg St,5099.02
Concourse Village West & E 156 St,7962.01
Lexington Ave & E 24 St,6089.07
Knickerbocker Ave & Halsey St,4623.02
42 Ave & 108 St,6371.03
E 141 St & St Ann's Ave,7722.06
Vernon Blvd & 31 Ave,7003.06
Washington Park,4546.05
31 St & Ditmars Blvd,7144.02
Bergen Ave & E 152 St,7858.02
31 St & Northern Blvd,6495.17
E Mosholu Pkwy & E 204 St,8748.02
37 Ave & 63 St,6340.09
Grove St & Fresh Pond Rd,5168.04
Nassau St & Navy St,4812.02
Bergen St & Buffalo Ave,4072.02
65 St & Otto Rd,4977.03
Willoughby Ave & Myrtle Ave,4759.02
47 Ave & 104 St,6295.07
Railroad Ave & Kay Ave,4990.02
E 11 St & 3 Ave,5788.16
St Marks Ave & Ralph Ave,4031.05
46 St & 28 Ave,6842.02
Seneca Ave & Irvine St,7883.09
29 St & 5 Ave,3523.06
W 116 St & Broadway,7713.11
Franklin Ave & Myrtle Ave,4715.01
Crotona Pkwy & Bronx Park S,8325.12
Ralph Ave & Fulton St,4220.02
Morningside Ave & W 123 St,7741.01
Washington Ave & E 167 St,8068.01
Old Broadway & W 133 St,7881.09
Lafayette Ave & Stuyvesant Ave,4576.11
111 St & 49 Ave,6287.02
57 St & 4 Ave,3093.07
E 33 St & 5 Ave,6322.01
Garfield Pl & 8 Ave,3978.13
Grand Concourse & E 175 St,8303.06
Bainbridge Ave & E 193 St,8582.02
Norman St & Wyckoff Ave,4654.01
37 St & 24 Ave,6981.16
21 St & 38 Ave,6656.05
Kent St & McGuinness Blvd,5785.1
Sedgwick Ave & W 195 St,8692.04
58 St & 2 Ave,3138.09
Ditmars Blvd & 73 St,6964.05
Creston Ave & E 178 St,8379.07
Stanton St & Mangin St,5326.06
Woodside Ave & 69 St,6183.03
46 St & Queens Blvd,6209.08
W 59 St & 10 Ave,7023.04
56 Ave & Junction Blvd,5995.07
Barrow St & Hudson St,5805.05
Underhill Ave & Pacific St,4231.04
Court St & State St,4488.08
Caton Ave & Bedford Ave,3368.04
Sterling Pl & Franklin Ave,4033.16
President St & 4 Ave,4101.17
Midwood St & Utica Ave,3599.01
W 106 St & Central Park West,7606.01
Sterling Pl & New York Ave,3984.02
Centre St & Seneca Ave,4837.03
Ave D & E 12 St,5575.08
E 133 St & Cypress Pl,7642.04
Isham St & Broadway,8665.09
Irving Ave & Palmetto St,4775.01
Delancey St & Eldridge St,5414.07
Greenwood Ave & E 4 St,3353.04
Grand Concourse & E Mount Eden Ave,8265.09
Macon St & Nostrand Ave,4214.03
Clermont Ave & Lafayette Ave,4461.01
Broadway & E 21 St,6098.1
Jerome Ave & W Fordham Rd,8586.09
Rivington St & Chrystie St,5453.01
3 Ave & E 189 St,8526.03
Bialystoker Pl & Delancey St,5335.03
Eastern Pkwy & Kingston Ave,3902.06
31 St & Thomson Ave,6227.02
Home St & Westchester Ave,8020.01
78 St & Northern Blvd,6603.07
Leonard St & Church St,5359.11
Cleveland Pl & Spring St,5492.05
6 Ave & W 34 St,6364.1
Forsyth St & Grand St,5382.07
102 St & 34 Ave,6576.07
23 Rd & 31 St,7082.14
Longfellow Ave & E 165 St,7983.04
Park Circle & East Dr,3344.02
W 27 St & 6 Ave,6215.07
W 17 St & 7 Ave,6107.08
E 12 St & 3 Ave,5788.12
Lexington Ave & E 120 St,7652.04
56 Ave & 92 St,5962.04
Graham Ave & Grand St,5178.06
Morgan Ave & Lombardy St,5503.01
W 147 St & Adam Clayton Powell Blvd,7971.07
Central Park S & 6 Ave,6876.04
McKibbin St & Bogart St,5059.02
Skillman Ave & Honeywell St,6334.03
Tiebout Ave & E Fordham Rd,8546.06
Schenectady Ave & Prospect Pl,4007.01
Steinway St & Ditmars Blvd,7074.01
Gleane St & Britton Ave,6281.01
Gillmore St & 27 Ave,6869.1
11 Ave & W 41 St,6726.01
E Tremont Ave & E 176 St,8356.02
Bond St & Fulton St,4479.06
Division St & Bowery,5270.08
48 Ave & 5 St,6212.04
Pacific St & Smith St,4446.03
MacDonough St & Marcy Ave,4246.02
Bedford Ave & Nassau Ave,5550.05
Fulton Ave & E 172 St,8186.01
5 Ave & 41 St,3306.03
Gerard Ave & E 165 St,8111.04
W 43 St & 6 Ave,6593.14
Randall's Island - Field 10,7575.01
Rogers Ave & Lincoln Rd,3625.07
Lafayette Ave & Classon Ave,4452.01
Walton Ave & E 153 St,7945.07
53 Ave & 62 St,5806.01
E 179 St & Daly Ave,8268.08
44 St & 3 Ave,3315.05
40 Ave & 9 St,6664.05
48 St & 5 Ave,3202.06
100 St & Humphreys St,6905.02
Motorgate,6814.01
Lenox Ave & W 146 St,7910.1
Atlantic Ave & Fort Greene Pl,4354.07
S Portland Ave & Hanson Pl,4354.05
Murray St & Greenwich St,5288.12
Graham Ave & Herbert St,5403.05
29 St & Skillman Ave,6194.06
E 165 St & Clay Ave,8052.02
Bradhurst Ave & W 148 St,7992.04
Nelson Ave & 167 St,8183.08
Union Ave & N 12 St,5411.07
85 St & Northern Blvd,6594.02
34 St & 38 Ave,6453.02
Decatur St & Saratoga Ave,4366.1
Ogden Ave & Merriam Ave,8218.04
White St & Johnson Ave,5099.03
Newtown Ave & 23 St,7026.08
Turner Pl & Coney Island Ave,3157.08
Albany Ave & Carroll St,3791.02
E 34 St & Church Ave,3318.05
Jerome Ave & Ogden Ave,8081.01
60 St & 60 Rd,5360.02
4 Ave & 17 St,3739.06
Sedgwick Ave & W Tremont Ave,8428.05
99 St & 50 Ave,6146.01
Winthrop St & Rogers Ave,3512.03
43 Ave & 40 St,6292.03
114 St & 39 Ave,6524.01
99 St & 38 Ave,6423.03
8 Ave & W 16 St,6072.11
Skillman Ave & 43 Ave,6300.04
11 Ave & W 59 St,7059.01
21 St & 31 Dr,6865.03
12 Ave & 36 St,3056.05
63 St & 5 Ave,2872.02
98 St & 41 Ave,6304.04
77 St & 24 Ave,6825.03
Summerfield St & Cypress Ave,4727.06
75 St & Roosevelt Ave,6332.09
Adam Clayton Powell Blvd & W 138 St,7855.03
E 89 St & York Ave,7204.08
W 25 St & 9 Ave,6339.06
1 Ave & E 16 St,5779.08
Grand Ave & Bergen St,4190.06
Sumpter St & Fulton St,4187.04
Stockholm St & Wilson Ave,4824.03
Willoughby Ave & Onderdonk Ave,5115.05
Washington St & Laight St,5509.02
Broadway & Berry St,5164.05
93 St & Roosevelt Ave,6390.05
35 Ave & 37 St,6563.12
35 St & Broadway,6750.16
Sedgwick Ave & Giles Pl,8815.01
E 51 St & 2 Ave,6575.03
E 58 St & Madison Ave,6839.04
W 55 St & 6 Ave,6809.09
W 87 St & West End Ave,7484.05
Union Ave & Wallabout St,4818.03
Bedford Ave & Bergen St,4066.15
Metropolitan Ave & Flushing Ave,5225.04
20 Ave & 48 St,7066.01
Lexington Ave & Stuyvesant Ave,4500.07
Lorimer St & Broadway,4965.01
49 St & 25 Ave,6804.01
E 158 St & Melrose Ave,7957.11
35 Ave & 10 St,6806.06
Central Park W & W 103 St,7577.27
Pulaski St & Marcus Garvey Blvd,4656.03
Richardson St & N Henry St,5433.03
46 Ave & Junction Blvd,6231.01
Sterling Pl & Schenectady Ave,3934.06
University Ave & Macombs Rd,8344.09
Jerome Ave & W 193 St,8619.02
E 38 St & Church Ave,3350.04
W 186 St & St Nicholas Ave,8416.1
Roebling St & N 4 St,5267.09
Broadway & W 138 St,7942.07
44 Dr & Jackson Ave,6352.01
E 7 St & Ave B,5584.05
E 53 St & 3 Ave,6617.02
Lefferts Ave & Albany Ave,3719.02
Cooper Square & Astor Pl,5712.03
Schenectady Ave & Maple St,3639.04
Forest Ave & Summerfield St,4798.02
46 Ave & 5 St,6286.02
97 St & 23 Ave,6941.03
Bridge St & Water St,4968.03
Madison St & Forest Ave,5025.02
Brooklyn Ave & Beverley Rd,3164.04
Tompkins Ave & Hopkins St,4850.04
Freeman St & Reverend James A Polite Ave,8080.01
48 Ave & 37 St,6067.01
Whitney Ave & Ketcham Pl,6165.06
10 St & 7 Ave,3762.08
40 St & 3 Ave,3388.03
7 Ave & 62 St,2821.05
Crotona Park North & Prospect Ave,8236.01
Cadman Plaza E & Red Cross Pl,4821.06
Broadway & Furman Ave,4244.06
20 Ave & 42 St,7163.07
Strong St & University Ave,8707.04
Southern Blvd & E 175 St,8196.02
Parkside Ave & Flatbush Ave,3480.04
St Johns Pl & Utica Ave,3966.01
96 St & Northern Blvd,6660.07
E 182 St & Morris Ave,8494.01
Lewis Ave & Fulton St,4196.01
N 7 St & Driggs Ave,5340.01
Clinton Ave & Flushing Ave,4762.04
W 37 St & 10 Ave,6611.02
Melrose St & Broadway,4801.04
Ash St & Manhattan Ave,6019.04
Greene Ave & Nostrand Ave,4519.02
E 27 St & 1 Ave,6004.06
E 47 St & Park Ave,6584.12
W 113 St & Broadway,7713.01
Lexington Ave & E 26 St,6089.08
Cliff St & Fulton St,5065.14
Kent Ave & N 7 St,5489.03
Gerard Ave & E 146 St,7868.05
Pacific St & Nevins St,4362.04
E 68 St & 3 Ave,6896.16
W 34 St & 11 Ave,6578.01
32 Ave & 84 St,6636.04
W 25 St & 6 Ave,6215.04
Clark St & Henry St,4789.03
Huron St & Franklin St,5869.04
W 46 St & 11 Ave,6795.01
W 18 St & 9 Ave,6190.03
Irving Ave & Halsey St,4695.04
Main St & Plymouth St,4936.21
Central Park West & W 72 St,7141.07
Court St & Nelson St,4077.07
104 St & Northern Blvd,6651.01
Metropolitan Ave & Bedford Ave,5308.04
Chester Ave & 12 Ave,3135.04
Gansevoort St & Hudson St,6072.16
Fort Hamilton Pkwy & E 2 St,3280.04
Riverside Dr & Broadway,8616.06
McKibbin St & Manhattan Ave,4996.08
Macombs Rd & Featherbed Ln,8307.05
Dean St & Franklin Ave,4107.13
Lewis Ave & Kosciuszko St,4617.01
E 84 St & Park Ave,7243.04
Morris Ave & E 163 St,8036.05
Lincoln Pl & Classon Ave,3960.01
Central Ave & Woodbine St,4632.1
Grand Concourse & E 161 St,8021.11
50 St & 30 Ave,6735.03
56 St & Arnold Ave,5289.05
Caton Ave & Argyle Rd,3303.03
W 24 St & 7 Ave,6257.03
E 48 St & 5 Ave,6626.01
Cumberland St & Lafayette Ave,4428.02
Thomas S. Boyland St & Marion St,4253.02
1 Ave & E 110 St,7522.02
Madison St & Seneca Ave,4880.11
E 89 St & 3 Ave,7265.1
Crescent St & Broadway,6827.11
Parade Pl & Crooke Ave,3376.02
3 Ave & E 71 St,6960.1
W 51 St & 6 Ave,6740.1
W 22 St & 8 Ave,6224.03
Ave D & E 8 St,5506.1
24 St & 5 Ave,3555.04
Eldert St & Bushwick Ave,4399.03
W 129 St & Convent Ave,7818.17
N Portland Ave & Flushing Ave,4771.07
Macon St & Patchen Ave,4301.04
W 22 St & 10 Ave,6306.06
W 47 St & 6 Ave,6667.04
Scholes St & Manhattan Ave,5108.01
Greenwich St & W Houston St,5730.08
Washington Ave & Park Pl,4116.09
Washington Pl & Broadway,5755.01
W 25 St & 8 Ave,6297.08
Carroll St & Franklin Ave,3847.04
East End Ave & E 86 St,7113.08
58 St & Pier 4,3220.01
W 78 St & Broadway,7311.07
36 St & 3 Ave,3460.02
Cauldwell Ave & E 158 St,7913.15
Sigourney St & Columbia St,3940.04
Stratford Rd & Beverley Rd,3113.1
W 42 St & 8 Ave,6602.05
Central Ave & Decatur St,4432.1
E 6 St & Ave B,5584.04
Broadway & Roebling St,5125.07
E 6 St & Ave D,5506.14
Monroe St & Bedford Ave,4368.05
E 14 St & Ave B,5736.09
E 2 St & Ave A,5553.1
N 10 St & Berry St,5450.01
43 St & Skillman Ave,6325.01
E 10 St & Ave A,5659.05
Sharon St & Olive St,5323.06
Macon St & Lewis Ave,4310.06
Ocean Pkwy & Church Ave,3125.09
E 82 St & East End Ave,7049.04
3 Ave & Schermerhorn St,4437.01
Vesey St & Church St,5216.06
W 82 St & Central Park West,7304.08
Degraw St & Smith St,4298.05
8 Ave & W 33 St,6450.12
Lenox Ave & W 111 St,7602.05
W 35 St & 8 Ave,6526.01
E 20 St & Park Ave,6055.08
6 Ave & W 33 St,6364.07
W 20 St & 7 Ave,6182.02
Greenwich St & Rector St,5073.07
St Marks Pl & 4 Ave,4249.1
E 33 St & 1 Ave,6197.08
Columbia St & Rivington St,5365.02
Bergen St & Flatbush Ave,4281.08
27 St & Hunter St,6310.06
E 102 St & 1 Ave,7407.13
Amsterdam Ave & W 183 St,8353.09
Lewis Ave & Decatur St,4237.01
Wyckoff St & 3 Ave,4290.06
Carlton Ave & Flushing Ave,4732.08
Irving Ave & DeKalb Ave,4898.02
Amsterdam Ave & W 189 St,8432.11
E 95 St & 3 Ave,7365.13
Walton Ave & E 171 St,8249.1
Sherman Ave & E 166 St,8072.06
Thompson St & Bleecker St,5721.07
Broadway & Kosciuszko St,4608.01
Knickerbocker Ave & George St,4979.07
South St & Whitehall St,4846.01
Marble Hill Ave & W 225 St,8745.01
W 56 St & 10 Ave,6955.01
W 145 St & Amsterdam Ave,7997.08
Lexington Ave & Classon Ave,4452.03
9 Ave & W 45 St,6717.06
Broadway & W 58 St,6948.1
2 Ave & E 72 St,6925.09
E 59 St & Madison Ave,6801.01
Broadway & W 238 St,8879.03
St James Pl & Oliver St,5238.05
Windsor Pl & 8 Ave,3620.02
Classon Ave & St Marks Ave,4074.14
E 77 St & 3 Ave,7092.06
W 70 St & Amsterdam Ave,7207.08
E 81 St & York Ave,7084.12
E 56 St & Madison Ave,6732.01
Bainbridge Ave & E 196 St,8615.01
21 St & 43 Ave,6395.01
Sterling St & Nostrand Ave,3657.06
Banker St & Meserole Ave,5633.04
Vesey Pl & River Terrace,5297.02
61 St & 60 Ln,4830.02
Kingston Ave & E New York Ave,3648.08
Central Ave & Covert St,4550.05
Morris Ave & E 142 St,7821.01
Washington Ave & Empire Blvd,3704.01
Frederick Douglass Blvd & W 129 St,7795.09
Columbia St & W 9 St,4086.05
W 180 St & Ft Washington Ave,8358.03
Prospect Park SW & Vanderbilt St,3457.03
University Ave & Brandt Pl,8366.07
W 107 St & Columbus Ave,7619.05
Lafayette Ave & St James Pl,4494.04
E 32 St & Park Ave,6280.12
Central Park West & W 68 St,7079.06
President St & Henry St,4307.13
6 St & 7 Ave,3834.1
Columbia St & Degraw St,4422.04
W 53 St & 10 Ave,6890.01
Kent Ave & Grand St,5388.01
West St & Liberty St,5184.08
39 St & Queens Blvd,6218.04
Boerum St & Broadway,5004.02
Fort Washington Ave & W 183 St,8399.06
Franklin Ave & St Marks Ave,4107.05
MacDougal St & Prince St,5687.04
MacDonough St & Malcolm X Blvd,4301.07
N 5 St & Northside Piers,5458.02
W 67 St & Broadway,7116.04
Beck St & Leggett Ave,7807.04
Pleasant Ave & E 120 St,7579.01
Madison Ave & E 82 St,7188.13
N 9 St & Wythe Ave,5489.06
Nostrand Ave & Flushing Ave,4818.02
Edgecombe Ave & W 145 St,7976.08
Brooklyn Ave & Tilden Ave,3205.06
Amsterdam Ave & W 172 St,8242.04
Pacific St & Ralph Ave,4105.01
Academy St & Nagle Ave,8579.05
Bedford Park Blvd & Paul Ave,8752.01
Flatbush Ave & Eastern Pkwy,3856.03
27 Ave & 9 St,7098.05
Edgecombe Ave & W 167 St,8187.04
53 St & 2 Ave,3211.06
65 St & 2 Ave,3019.02
23 Ave & 27 St,7178.02
11 Ave & Prospect Ave,3538.09
E 167 St & Bryant Ave,8040.03
E 17 St & Beverley Rd,3148.08
36 St & Queens Blvd,6260.04
62 St & 43 Ave,6191.04
75 St & Northern Blvd,6527.07
Cypress Ave & St Felix Ave,4687.03
Tilden Ave & Lott St,3214.04
Riverside Dr & W 145 St,8018.04
35 St & 34 Ave,6679.11
W 181 St & Riverside Dr,8381.04
31 Ave & 57 St,6621.06
Metropolitan Ave & Vandervoort Ave,5241.02
67 St & Erik Pl,2733.03
87 St & Roosevelt Ave,6356.01
90 St & 51 Ave,6080.07
Audubon Ave & W 179 St,8316.02
48 St & 37 Ave,6435.02
Grand Concourse & E 192 St,8601.04
Broadway & W 192 St,8511.08
Cypress Ave & Palmetto St,4921.04
34 St & 35 Ave,6605.08
39 Ave & 99 St,6380.1
Broadway & W 153 St,8089.05
Prospect Park West & 8 St,3722.04
W 163 St & Edgecombe Ave,8153.1
71 St & 37 Ave,6374.05
Brook Ave & E 157 St,7935.07
36 St & 47 Ave,6143.01
Bushwick Ave & McKibbin St,5027.02
W 168 St & Ft Washington Ave,8226.07
43 St & 37 Ave,6401.01
Featherbed Ln & Nelson Ave,8327.15
Elmhurst Ave & Roosevelt Ave,6314.02
Amsterdam Ave & W 186 St,8394.15
65 Pl & Woodside Ave,6149.02
Jerome Ave & W 195 St,8653.09
Webb Ave & W 190 St,8624.01
Warren St & Roosevelt Ave,6346.07
71 St & 32 Ave,6612.09
86 St & 35 Ave,6475.07
Wyckoff Ave & Cooper Ave,4615.01
75 St & 35 Ave,6408.08
Rutland Rd & Brooklyn Ave,3576.1
Winthrop St & Albany Ave,3535.03
Cortelyou Rd & Albany Ave,3121.01
Bergen St & Saratoga Ave,4064.03
59 St & 4 Ave,3011.03
Park Pl & Buffalo Ave,3999.06
Pinehurst Ave & W 187 St,8458.03
Dwight St & Van Dyke St,3981.1
48 St & Barnett Ave,6358.05
21 St & 4 Ave,3668.04
107 St & 32 Ave,6724.01
Van Dam St & Greenpoint Ave,5883.06
7 Ave & 40 St,3266.01
39 Ave & 54 St,6392.02
30 Ave & 96 St,6772.11
19 St & 8 Ave,3547.04
St Felix Ave & 61 St,4719.04
Brook Ave & E 138 St,7707.08
Cooper Ave & 65 Pl,4862.07
Walton Ave & E 176 St,8362.02
Wilkins Ave & Crotona Park E,8167.02
Jackson Mill Rd & 93 St,6701.05
St Mary's St & Jackson Ave,7737.06
100 St & 37 Ave,6499.06
103 St & 41 Ave,6337.09
Bergen St & Troy Ave,4048.03
Grand Concourse & E 156 St,7984.04
Walnut Ave & E 136 St,7639.06
E 156 St & Brook Ave,7896.11
Grand Concourse & E Mosholu Pkwy S,8795.03
Waterloo Pl & Crotona Park East,8216.02
Herkimer St & Eastern Pkwy,4129.1
Van Cleef St & 108 St,6096.01
Van Cortlandt Park S & Dickinson Ave,8859.03
New York Ave & Hawthorne St,3504.02
W 225 St & Exterior St,8711.02
Nostrand Ave & Rutland Rd,3585.06
Southern Blvd & Xavier Way,8558.01
Jerome Ave & Bedford Park Blvd E,8734.02
W 140 St & Riverside Dr,7981.27
Margaret Corbin Plz & Ft Washington Ave,8532.03
10 Ave & W 215 St,8679.03
Cabrini Blvd & W 177 St,8358.1
Page Pl & Grand Ave,5409.02
Brooklyn Ave & Snyder Ave,3278.07
Metropolitan Ave & Stewart Ave,5273.01
Willow Ave & E 133 St,7626.02
W 230 St & Marble Hill Ave,8806.01
Bronx Shore Comfort Station,7618.01
Crotona Ave & Crotona Park N,8257.03
Clarkson Ave & E 40 St,3423.1
Caton Ave & E 10 St,3230.01
3 Ave & E 62 St,6762.04
11 St & 44 Rd,6319.04
Sheridan Ave & E 168 St,8160.03
W 52 St & 6 Ave,6740.01
E 144 St & Brook Ave,7777.02
31 Ave & 14 St,6966.04
Grand St & Havemeyer St,5267.08
Hazen St & 20 Ave,7032.06
E 106 St & Madison Ave,7528.31
FDR Drive & E 35 St,6230.04
7 Ave & Central Park South,6912.01
E 135 St & St Ann's Ave,7687.05
8 Ave & W 24 St,6224.06
E 40 St & 5 Ave,6474.11
E 20 St & 2 Ave,5971.08
Eastern Pkwy & Washington Ave,3928.08
Perry St & Bleecker St,5922.07
Prospect Park SW & 16 St,3498.09
5 Ave & E 30 St,6248.08
49 St & 31 Ave,6662.01
St Marks Pl & 1 Ave,5626.13
Washington Square E,5755.09
E 16 St & 5 Ave,6022.04
E 27 St & Park Ave S,6131.13
1 Ave & E 30 St,6079.03
Broadway & E 14 St,5905.12
74 St & Woodside Ave,6216.01
Vernon Blvd & 50 Ave,6170.02
E 102 St & Park Ave,7488.24
King St & Varick St,5687.11
2 Ave & E 29 St,6122.09
31 Pl & Hunters Point Ave,6033.01
Creston Ave & E 181 St,8456.02
Decatur Ave & Bedford Park Blvd,8664.06
Plaza Dr & W 170 St,8213.01
E 187 St & 3 Ave,8489.06
Crotona Park East & E 173 St,8182.02
Greenwich Ave & 8 Ave,6072.06
W 50 St & 10 Ave,6890.06
8 St & Astoria Blvd,7068.07
E 171 St & Webster Ave,8190.03
Stanhope St & Fairview Ave,5146.03
E 117 St & 1 Ave,7579.11
Stanton St & Norfolk St,5445.07
St Marks Pl & 2 Ave,5669.1
E 142 St & 3 Ave,7781.1
36 St & Ditmars Blvd,7111.1
Norfolk St & Broome St,5374.01
S 3 St & Bedford Ave,5235.05
Kent Ave & Division Ave,5021.05
55 Dr & Maurice Ave,5579.04
E 9 St & Ave C,5616.01
Pier 40 - Hudson River Park,5696.03
W 44 St & 5 Ave,6551.02
Pike St & E Broadway,5270.05
E 47 St & 1 Ave,6498.09
W 13 St & 5 Ave,5947.04
Eagle St & Manhattan Ave,5902.07
Berkeley Pl & 7 Ave,4051.01
Riverside Dr & W 104 St,7623.13
Calyer St & West St,5676.04
Warren St & W Broadway,5288.09
6 Ave & Canal St,5500.07
E 2 St & 2 Ave,5593.02
Norman Ave & Leonard St,5666.11
39 Ave & 56 St,6349.03
Albany St & Greenwich St,5145.02
E 147 St & Bergen Ave,7840.11
40 St & Queens Blvd,6176.11
9 Ave & W 22 St,6266.06
W 35 St & 9 Ave,6569.09
Grand Ave & W 181 St,8500.01
W 15 St & 7 Ave,6030.06
E 67 St & Park Ave,6932.14
Bergen St & Vanderbilt Ave,4157.1
Greenpoint Ave & Manhattan Ave,5785.05
E 97 St & Madison Ave,7393.09
E Fordham Rd & Webster Ave,8582.09
30 Ave & 47 St,6774.13
E 55 St & 2 Ave,6650.07
Townsend Ave & E 175 St,8323.05
34 Ave & 21 St,6798.01
St Ann's Ave & Bruckner Blvd,7657.03
45 Ave & 21 St,6319.07
W 37 St & Broadway,6441.06
E 11 St & 1 Ave,5746.14
Ave A & E 14 St,5779.11
Hanson Pl & Ashland Pl,4395.07
E 2 St & Ave C,5476.03
Broadway & W 36 St,6441.01
Fresh Pond Rd & Flushing Ave,5501.06
W 50 St & 9 Ave,6854.05
Crescent St & 30 Ave,6958.06
Grand St & Greene St,5500.02
3 St & Prospect Park West,3865.05
5 Ave & E 78 St,7161.08
Amsterdam Ave & W 66 St,7149.05
34 Ave & 13 St,6836.07
40 Ave & Crescent St,6462.05
8 Ave & W 31 St,6450.05
W 17 St & 8 Ave,6148.02
W 11 St & 6 Ave,5914.03
Southern Blvd & E 149 St,7788.13
Driggs Ave & S 2 St,5235.1
DeKalb Ave & Vanderbilt Ave,4461.04
43 St & 50 Ave,5983.04
LaGuardia Pl & W 3 St,5721.14
Clinton St & Grand St,5303.06
E 18 St & Church Ave,3263.01
34 Ave & 31 St,6720.07
10 Ave & W 14 St,6157.04
W 40 St & 7 Ave,6560.14
Bleecker St & Crosby St,5679.08
Greenwich St & Perry St,5922.04
55 St & Northern Blvd,6502.01
E 65 St & 2 Ave,6860.12
Stanton St & Chrystie St,5523.02
Grand Concourse & E 199 St,8703.05
47 Ave & 48 St,6092.01
E 51 St & Lexington Ave,6659.01
E 43 St & Madison Ave,6551.11
Botanical Sq & Webster Ave,8646.02
1 Ave & E 94 St,7286.05
Featherbed Ln & Jerome Ave,8285.11
N Moore St & Hudson St,5470.02
69 St & 43 Ave,6108.03
14 St & 7 Ave,3731.11
Madison Ave & E 51 St,6659.09
44 St & Greenpoint Ave,6134.13
Riverside Dr & W 72 St,7288.04
Mercer St & Spring St,5532.01
Graham Ave & Conselyea St,5291.05
Tiebout Ave & E 184 St,8510.02
Frederick Douglass Blvd & W 117 St,7688.12
Lexington Ave & E 128 St,7716.19
Wales Ave & E 147 St,7751.05
Fulton Ave & E 168 St,8084.03
Steinway St & Broadway,6711.13
West End Ave & W 94 St,7524.09
Queens Plaza North & Crescent St,6429.01
W 44 St & 11 Ave,6756.05
9 St & 44 Rd,6361.03
India St Pier,5794.05
W 54 St & 9 Ave,6920.03
Grand Army Plaza & Plaza St West,4010.15
N 5 St & Wythe Ave,5419.04
Henry St & Grand St,5294.04
Lafayette St & Grand St,5422.09
60 St & 37 Ave,6383.06
E 30 St & Park Ave S,6206.08
Broadway & W 165 St,8191.01
3 Ave & Franklin Ave,8012.04
Fulton Ave & St Paul's Pl,8152.03
33 St & Queens Blvd,6185.07
3 St & 7 Ave,3905.15
E 17 St & 2 Ave,5896.01
E 58 St & 3 Ave,6762.02
E 41 St & Madison Ave (SE corner),6432.1
W 12 St & Hudson St,5997.1
Canal St & Rutgers St,5303.08
W 15 St & 6 Ave,5989.02
Bainbridge Ave & Bedford Park Blvd,8682.06
Duane St & Hudson St,5359.12
E 54 St & 1 Ave,6608.09
11 St & 43 Ave,6438.04
E 63 St & 3 Ave,6830.02
23 St & 31 Ave,6929.01
Lenox Ave & W 115 St,7627.1
Bank St & Washington St,5964.01
48 Ave & 41 St,6101.11
39 St & 47 Ave,6143.05
Nassau Ave & Russell St,5581.01
Charlotte St & Boston Rd,8167.04
Broadway & W 29 St,6289.06
W 36 St & 9 Ave,6569.07
E 19 St & 3 Ave,5938.01
45 Rd & 11 St,6319.01
Greenwich St & Hubert St,5470.1
Christopher St & Greenwich St,5847.01
Nassau Ave & Newell St,5623.03
E 26 St & 3 Ave,6089.11
E 4 St & Ave B,5515.08
E 22 St & 2 Ave,5971.09
E 20 St & FDR Dr,5886.13
Mercer St & Bleecker St,5679.05
Allen St & Stanton St,5484.09
Broadway & Madison St,4483.1
E 128 St & 3 Ave,7696.07
Wythe Ave & N 13 St,5558.04
41 Ave & 67 St,6225.03
Wilson Ave & Moffat St,4507.07
E 43 St & 2 Ave,6422.08
E 53 St & Madison Ave,6659.03
Sterling Pl & Bedford Ave,3993.03
E 182 St & Grand Concourse,8494.07
MacDougal St & Washington Sq,5797.01
W 36 St & 7 Ave,6483.06
Emerson Pl & Myrtle Ave,4683.02
Willis Ave & E 143 St,7798.02
W 84 St & Amsterdam Ave,7409.04
Eastern Pkwy & Nostrand Ave,3911.05
Bedford Ave & S 9 St,5093.01
50 St & Barnett Ave,6435.03
5 Ave & E 87 St,7323.09
2 Ave & E 125 St,7648.16
25 Ave & 41 St,6943.07
W 74 St & Columbus Ave,7230.1
W 34 St & Hudson Blvd E,6535.04
36 Ave & 10 St,6737.03
7 Ave & W 55 St,6847.05
Madison Ave & E 26 St,6131.12
Riverside Blvd & W 67 St,7183.03
30 Ave & 21 St,6996.01
91 St & 31 Ave,6741.03
Walton Ave & E 151 St,7945.03
1 Ave & E 68 St,6822.09
W 87 St & Amsterdam Ave,7458.03
Gramercy Park N & Gramercy Park E,6013.12
E 115 St & Lexington Ave,7599.09
2 Ave & E 31 St,6197.11
18 St & 27 Ave,7062.07
Carlton Ave & Park Ave,4732.04
E 118 St & Madison Ave,7640.04
10 Ave & W 28 St,6459.04
E 58 St & 1 Ave (NE Corner),6682.03
Lincoln Ave & E 134 St,7712.06
Kingston Ave & Herkimer St,4205.06
30 St & 48 Ave,6076.02
West St & Chambers St,5329.03
7 Ave S & Bleecker St,5805.07
W 52 St & 11 Ave,6926.01
Wythe Ave & Metropolitan Ave,5348.02
35 St & 30 Ave,6887.03
Albemarle Rd & E 21 St,3180.09
Wards Meadow Comfort Station,7327.01
Hudson St & W 13 St,6115.06
28 St & 36 Ave,6614.01
Woodside Ave & 60 St,6234.04
Amsterdam Ave & W 73 St,7260.09
4 Ave & E 12 St,5788.15
E Tremont Ave & Jerome Ave,8403.02
Broadway & 51 St,6545.07
Broadway & W 61 St,7014.12
N 12 St & Bedford Ave,5450.04
E 72 St & Park Ave,6998.08
Broadway & W 41 St,6560.01
W 54 St & 11 Ave,6955.05
E 88 St & Park Ave,7293.1
Willis Ave & E 141 St,7759.08
Courtlandt Ave & E 149 St,7840.05
Flushing Ave & Vanderbilt Ave,4762.05
Bedford Ave & Montgomery St,3736.03
N 15 St & Wythe Ave,5520.09
28 Ave & 44 St,6879.04
Cherry St,5181.04
55 Ave & Center Blvd,6104.01
Stagg St & Union Ave,5117.05
Watts St & Greenwich St,5578.02
Ave A & E 11 St,5703.13
W 76 St & Columbus Ave,7281.09
Grand Concourse & E 203 St,8734.04
North Moore St & Greenwich St,5470.12
McGuinness Blvd & Eagle St,5977.01
8 Ave & W 52 St,6816.07
9 Ave & W 18 St,6190.08
W 42 St & 6 Ave,6517.08
Broadway & W 56 St,6847.02
W 64 St & Thelonious Monk Circle,7123.04
W 18 St & 6 Ave,6064.08
E 138 St & Willow Ave,7654.04
Grand Concourse & E 144 St,7845.06
Franklin St & W Broadway,5430.08
72 St & Broadway,6258.02
Grand St & Samuel Dickstein Plaza,5335.07
Walton Ave & E 183 St,8514.05
Rogers Ave & Lenox Rd,3400.04
Driggs Ave & N Henry St,5542.04
Eastern Pkwy & Franklin Ave (NE Corner),3919.07
E 4 St & 2 Ave,5593.04
5 St & 51 Ave,6137.04
E 53 St & Lexington Ave,6617.09
Calyer St & Guernsey St,5709.03
Grand Army Plaza & Central Park S,6839.1
W 51 St & Rockefeller Plaza,6700.14
31 Ave & Crescent St,6893.1
Sheridan Ave & E 172 St,8229.04
Forsyth St & Broome St,5453.05
Adelphi St & Myrtle Ave,4620.02
River Ave & E 151 St,7967.04
E 167 St & Franklin Ave,8048.01
E 78 St & 2 Ave,7057.07
Withers St & Kingsland Ave,5362.08
Vernon Blvd & 41 Rd,6514.08
E 77 St & 1 Ave,7020.02
Washington Pl & 6 Ave,5838.09
Rogers Ave & Snyder Ave,3286.07
E 35 St & Madison Ave,6398.08
E 25 St & 2 Ave,6046.02
Columbus Ave & W 72 St,7175.05
31 St & Hoyt Ave N,7018.01
Evergreen Ave & Noll St,4873.08
W 16 St & The High Line,6233.05
Broadway & W 38 St,6560.15
E 3 St & 1 Ave,5553.03
Broadway & W 25 St,6173.08
W 27 St & 7 Ave,6247.06
Broadway & 12 St,6901.01
E 188 St & Creston Ave,8566.05
42 Pl & Northern Blvd,6520.07
Mount Eden Pkwy & Eastburn Ave,8245.03
3 Ave & E 81 St,7154.1
36 Ave & 31 St,6572.08
3 Ave & E 169 St,8103.05
81 St & 34 Ave,6561.01
Madison St & Woodward Ave,4954.07
E 81 St & 1 Ave,7121.13
5 Ave & E 72 St,7100.07
Madison St & Malcolm X Blvd,4416.1
W 56 St & 6 Ave,6809.07
21 Ave & Crescent St,7284.01
W Broadway & Spring St,5569.06
W 48 St &  Rockefeller Plaza,6626.11
65 St & Broadway,6417.11
Liberty St & Broadway,5105.01
Ave C & E 16 St,5769.06
E 14 St & 1 Ave,5779.1
E Burnside Ave & Ryer Ave,8397.02
Green St & McGuinness Blvd,5860.02
E 161 St & River Ave,8041.07
53 St & Roosevelt Ave,6200.03
48 St & Skillman Ave,6283.05
Amsterdam Ave & W 79 St,7311.02
W 4 St & 7 Ave S,5880.02
W 45 St & 8 Ave,6676.02
44 Dr & 21 St,6319.03
E 5 St & Ave C,5545.04
Lafayette St & Jersey St,5561.06
Lafayette Ave & Ft Greene Pl,4470.09
Bergen St & Smith St,4446.01
Central Park West & W 85 St,7354.01
9 Ave & W 39 St,6644.08
E 7 St & Ave C,5545.01
Sullivan St & Washington Sq,5721.01
E 93 St & 2 Ave,7286.02
Lexington Ave & E 29 St,6164.09
Morton St & Washington St,5772.05
47 Ave & 31 St,6151.03
61 St & Queens Blvd,6116.03
E 180 St & Monterey Ave,8392.02
University Pl & E 8 St,5755.14
Beverley Rd & Flatbush Ave,3180.02
Church St & Worth St,5359.13
W 20 St & 10 Ave,6306.01
Hudson Blvd W & W 36 St,6611.07
5 Ave & E 63 St,6904.06
E 19 St & Beverley Rd,3148.09
3 St & Hoyt St,4110.1
1 Ave & E 39 St,6303.01
W 20 St & 8 Ave,6224.05
Meserole Ave & Manhattan Ave,5666.04
Amsterdam Ave & W 82 St,7360.1
E 1 St & Bowery,5636.13
W 29 St & 9 Ave,6416.06
W Broadway & Watts St,5569.07
E 103 St & Lexington Ave,7463.09
W 52 St & 5 Ave,6700.01
Willis Ave & Bruckner Blvd,7691.05
E 91 St & 2 Ave,7286.01
Clinton St & Centre St,4045.01
Sands St & Jay St,4821.03
Ocean Ave & Crooke Ave,3408.05
W 56 St & 8 Ave,6884.03
Jay St & York St,4895.09
Bailey Ave & W 193 St,8676.01
Grand Concourse & E 176 St,8340.01
E 50 St & Park Ave,6659.1
E 118 St & 3 Ave,7611.02
Westchester Ave & Longwood Ave,7909.07
E 81 St & Park Ave,7188.1
Columbus Ave & W 95 St,7520.07
24 Ave & 26 St,7152.1
Harrison St & Hudson St,5400.05
Crescent St & Ditmars Blvd,7233.05
Centre St & Worth St,5279.03
39 Dr & 52 St,6316.05
Queens Blvd & 56 St,6158.02
Lenox Ave & W 117 St,7655.22
43 Ave & 42 St,6251.06
Fulton St & William St,5137.11
Allen St & Rivington St,5414.06
Franklin St & Dupont St,5944.01
E 88 St & 1 Ave,7235.13
31 Ave & Steinway St,6782.01
E 45 St & 3 Ave,6464.08
Naples Terrace & Godwin Terrace,8819.05
Mott St & Prince St,5561.04
Whitehall St & Bridge St,4962.02
E 25 St & 1 Ave,6004.07
E 171 St & 3 Ave,8171.06
E 10 St & 2 Ave,5746.02
Anthony Ave & E 175 St,8319.01
Valentine Ave & E 183 St,8472.06
Ocean Ave & Tennis Ct,3223.07
Brook Ave & E 148 St,7816.14
Eliot Ave & 60 Ln,5248.05
57 Rd & 58 St,5510.05
Grand Concourse & E 205 St,8766.03
Henry St & Middagh St,4861.05
100 St & Northern Blvd,6618.02
St Nicholas Ave & Manhattan Ave,7723.01
20 Ave & 38 St,7196.04
Flatbush Ave & Ocean Ave,3704.04
Nostrand Ave & Myrtle Ave,4707.04
95 St & 35 Ave,6465.04
Southern Blvd & Ave St John,7767.06
Amsterdam Ave & W 175 St,8278.05
21 St & 23 Ave,7210.07
Fulton St & Clermont Ave,4386.05
E 98 St & Park Ave,7443.17
Dock 72 Way & Market St,4804.02
Frederick Douglass Blvd & Harlem River Dr,8100.01
Steinway St & 19 Ave,7220.01
2 Ave & 44 St,3356.07
7 St & 3 Ave,3996.01
Hoyt St & Warren St,4330.09
E 118 St & Park Ave,7625.18
E 138 St & Park Ave,7803.02
New York Ave & St Marks Ave,4098.06
Washington St & Barrow St,5847.08
Johnson St & Gold St,4668.08
Johnson St & Brooklyn Bridge Blvd,4637.07
Broadway & Battery Pl,4962.01
W 155 St & Frederick Douglass Blvd,8065.13
Clinton St & Joralemon St,4605.04
Lispenard St & Broadway,5391.06
Berkeley Pl & 6 Ave,4134.06
Myrtle Ave & St Edwards St,4659.02
Lincoln Ave & E 138 St,7744.06
W 89 St & Columbus Ave,7432.09
E 91 St & Park Ave,7344.05
23 St & 3 Ave,3707.01
Webster Ave & E 166 St,8052.01
Cedar St & Evergreen Ave,4721.01
Warren St & Court St,4413.08
74 St & 37 Ave,6332.06
Ave D & E 10 St,5575.13
81 St & 35 Ave,6442.08
South St & Gouverneur Ln,4953.04
Central Ave & Himrod St,4713.01
Forsyth St & Canal St,5270.07
84 St & Roosevelt Ave,6323.04
10 Ave & W 204 St,8579.09
Edgecombe Ave & W 150 St,8049.05
Adams St & Prospect St,4821.1
55 St & 7 Ave,2951.05
Caton Ave & St. Pauls Pl,3335.09
77 St & 31 Ave,6718.02
Lexington Ave & E 111 St,7567.06
E 167 St & Clay Ave,8088.01
W 146 St & Broadway,8018.09
Amsterdam Ave & W 156 St,8104.1
Douglass St & 3 Ave,4217.02
Cauldwell Ave & E 161 St,7952.02
Westchester Ave & E 156 St,7891.06
Adam Clayton Powell Blvd & W 132 St,7814.01
Rutgers St & Henry St,5230.02
Harlem River Dr & W 155 St,8085.13
2 Ave & 37 St,3460.06
W 106 St & Amsterdam Ave,7634.01
Wadsworth Ave & W 179 St,8336.02
St Nicholas Ave & W 150 St,8013.07
Hancock St & Bedford Ave,4255.05
36 St & 4 Ave,3420.01
W 204 St & Nagle Ave,8579.03
32 Ave & 75 St,6645.06
Lewis Ave & Greene Ave,4543.07
Smith St & 3 St,4151.01
W 159 St & Edgecombe Ave,8119.05
E 7 St & Ave A,5626.07
Adam Clayton Powell Blvd & W 123 St,7704.04
32 Ave & 77 St,6603.06
Windsor Pl & Howard Pl,3579.04
Adam Clayton Powell Blvd & W 151 St,8009.05
Crown St & Rogers Ave,3768.02
Westchester Ave & Southern Blvd,8004.03
Madison Ave & E 120 St,7667.04
Riverside Dr & W 148 St,8054.04
Jerome Ave & E 164 St,8096.02
Ryer Ave & E 182 St,8494.06
31 Ave & 61 St,6654.05
Clinton St & Cherry St,5190.09
Peck Slip & South St,5096.12
Plaza St West & Flatbush Ave,4010.13
53 Ave & 94 St,6037.02
Carroll St & Bond St,4184.07
Morningside Dr & Amsterdam Ave,7741.04
Myrtle Ave & Marcy Ave,4707.03
Coffey St & Conover St,4137.1
Cadman Plaza E & Tillary St,4677.01
Centre St & Chambers St,5207.01
Prospect Pl & Vanderbilt Ave,4157.15
6 Ave & 60 St,2912.08
Lenox Ave & W 140 St,7872.03
57 St & 7 Ave,2861.02
Pitt St & Stanton St,5406.04
3 Ave & Wakeman Pl,2883.03
Ditmars Blvd & 31 Dr,6793.01
7 St & 5 Ave,3914.02
Frederick Douglass Blvd & W 139 St,7876.07
E 75 St & 3 Ave,6991.12
Carroll St & 5 Ave,4060.09
10 St & 4 Ave,3882.05
Case St & 94 St,6273.03
Paul Ave & Mosholu Pkwy,8811.01
10 St & 2 Ave,3922.02
10 St & 5 Ave,3842.08
Bond St & Bergen St,4404.1
7 Ave & 22 St,3515.01
Carroll St & 6 Ave,4019.06
John St & William St,5065.04
Fulton St & Adams St,4637.06
Lenox Ave & W 130 St,7753.13
Bulova Ave & Brooklyn Queens Expressway W,6766.03
99 St & 32 Ave,6660.05
48 St & Broadway,6629.06
5 St & 6 Ave,3874.01
Atlantic Ave & Furman St,4614.04
Wadsworth Ave & W 175 St,8299.03
Convent Ave & W 151 St,8049.1
21 St & 21 Ave,7314.03
Bushwick Ave & Dekalb Ave,4680.05
W 104 St & Amsterdam Ave,7610.13
Van Brunt St & Wolcott St,4095.03
53 St & Flushing Ave,5257.01
Putnam Ave & Nostrand Ave,4327.09
3 Ave & E Tremont Ave,8315.03
S 4 St & Roebling St,5195.06
Park Ave & E Tremont Ave,8335.02
E 123 St & Lexington Ave,7636.05
Henry St & Degraw St,4380.08
Schermerhorn St & Court St,4565.07
Riverside Dr & W 82 St,7388.1
Flatbush Ave & Lincoln Rd,3593.1
Union St & 4 Ave,4175.15
Freeman St & Southern Blvd,8060.01
Dean St & Hoyt St,4446.05
Central Park W & W 91 St,7453.01
W 92 St & Broadway,7502.01
Amsterdam Ave & W 162 St,8172.07
99 St & 58 Ave,5987.03
Monroe St & Classon Ave,4336.01
W 160 St & St Nicholas Ave,8138.07
Longwood Ave & Southern Blvd,7849.1
43 Ave & 111 St,6405.03
111 St & 53 Ave,6171.02
58 St & 56 Dr,5548.01
Grand Concourse & E 167 St,8126.07
Fulton St & Irving Pl,4263.12
Goble Pl & Macombs Rd,8269.01
7 Ave & 41 St,3192.05
Park Ave & E 124 St,7682.01
Broadway & W 157 St,8123.06
E 97 St & 3 Ave,7365.08
63 St & Borden Ave,5611.05
Amsterdam Ave & W 152 St,8069.01
Washington Ave & Park Ave,4724.03
W Mosholu Pkwy S & Sedgwick Ave,8841.03
Newton Rd & 44 St,6743.06
Lenox Ave & W 133 St,7790.04
71 Ave & Myrtle Ave,4871.02
Degraw St & Hoyt St,4258.07
Jackson Mill Rd & 24 Ave,6877.05
Brooklyn Ave & Dean St,4131.03
St Nicholas Ave & W 155 St,8085.05
W 163 St & Riverside Dr,8210.01
Garrison Ave & Manida St,7905.05
Brook Ave & E 141 St,7740.08
W Broadway & W Houston St,5644.05
44 St & 6 Ave,3233.06
Willoughby Ave & Walworth St,4634.02
DeKalb Ave & Hudson Ave,4513.06
E 128 St & Madison Ave,7735.23
Amsterdam Ave & W 167 St,8206.17
Pierrepont St & Monroe Pl,4718.08
E 149 St & Morris Ave,7863.03
E 165 St & Fox St,7966.02
67 Ave & Fresh Pond Rd,5057.07
23 Ave & 31 St,7082.08
William St & Pine St,5065.12
W 111 St & 5 Ave,7587.16
E 68 St & Madison Ave,6932.15
W 135 St & Lenox Terrace Pl,7832.04
Park Ave & E 162 St,8016.07
National St & 45 Ave,6264.06
2 Ave & 43 St,3428.04
Central Ave & Starr St,4792.03
51 Ave & Junction Blvd,6113.07
Coffey St & Ferris St,4137.14
Shakespeare Ave & W 169 St,8198.05
Spruce St & Nassau St,5137.1
W 120 St & Claremont Ave,7745.07
34 St & 4 Ave,3492.04
Little West St & 1 Pl,5001.08
W 176 St & Montgomery Ave,8366.06
Giles Pl & Fort Independence St,8786.01
73 St & 25 Ave,6757.03
Maiden Ln & Pearl St,5065.1
34 Ave & 89 St,6552.07
Prospect Ave & E 151 St,7830.03
W 165 St & Fort Washington Ave,8226.05
3 Ave & 14 St,3850.03
DeKalb Ave & S Portland Ave,4546.06
Adam Clayton Powell Blvd & W 141 St,7893.05
79 St & 37 Ave,6365.1
Boston Rd & Prospect Ave,8133.08
Putnam Ave & Ralph Ave,4450.06
W 100 St & Manhattan Ave,7538.14
E 163 St & Union Ave,7970.05
Stuyvesant Ave & Hart St,4689.08
20 Ave & 21 St,7363.04
Southern Blvd & E 172 St,8129.02
Henry St & Remsen St,4645.04
92 St & 37 Ave,6433.01
Madison St & Montgomery St,5262.09
St Ann's Ave & E 144 St,7755.03
Prospect Pl & 6 Ave,4166.08
25 Ave & 85 St,6817.15
Douglass St & 4 Ave,4175.14
E 189 St & Bathgate Ave,8505.08
Pearl St & York St,4895.15
E 161 St & Park Ave,7979.17
Concord St & Bridge St,4781.03
Sterling St & Bedford Ave,3665.06
Brooklyn Bridge Park - Pier 2,4756.04
E 115 St & Madison Ave,7599.02
Hicks St & Montague St,4645.09
5 Ave & W 126 St,7701.21
48 St & 50 Ave,6016.06
Kane St & Clinton St,4455.11
E 149 St & Park Ave,7884.04
Underhill Ave & Lincoln Pl,4042.08
1 Pl & Clinton St,4193.14
W 170 St & University Ave,8254.01
Broadway & W 133 St,7903.02
37 Ave & 106 St,6533.02
Hamilton Pl & W 140 St,7959.18
E 84 St & 1 Ave,7180.02
31 St & 21 Ave,7202.07
Carroll St & Smith St,4225.14
Boone Ave & E 172 St,8110.04
Plaza St East & Flatbush Ave,4010.01
Concourse Village East & E 158 St,8000.02
Boston Rd & E 167 St,8048.04
E 81 St & 3 Ave,7154.07
Clinton St & 4 Place,4119.04
12 Ave & W 125 St,7886.02
S 4 St & Rodney St,5156.05
Wakeman Pl & Ridge Blvd,2932.03
4 Ave & Shore Road Dr,2832.03
Myrtle Ave & Fleet Pl,4628.07
Willis Ave & E 137 St,7726.02
Bronx Park S & Bryant Ave,8284.01
Washington Ave & E 163 St,7995.04
E 132 St & Madison Ave,7748.02
93 St & Northern Blvd,6627.12
E 181 St & Bathgate Ave,8415.01
43 St & 23 Ave,7009.06
E 201 St & Briggs Ave,8717.07
Adam Clayton Powell Blvd & W 126 St,7738.04
Morris Ave & E 171 St,8209.01
Forley St & Lamont Ave,6198.03
Pleasant Ave & E 116 St,7450.05
Richards St & Delavan St,4202.04
Nagle Ave & Thayer St,8563.06
Inwood Ave & W 170 St,8233.01
Columbus Ave & W 103 St,7595.17
5 Ave & W 131 St,7735.05
Broad St & Bridge St,4962.08
Rogers Ave & Sterling St,3696.05
79 St & Roosevelt Ave,6290.13
E 156 St & Courtlandt Ave,7940.04
6 Ave & 9 St,3803.09
Ogden Ave & W 164 St,8115.01
Pearl St & Hanover Square,4993.02
112 St & Northern Blvd,6683.01
E 138 St & Grand Concourse,7803.08
Lincoln Rd & Ocean Ave,3633.08
Congress St & Clinton St,4455.1
Warren St & Smith St,4371.01
3 Ave & Carroll St,4143.04
Crotona Ave & E Fordham Rd,8502.04
86 St & 37 Ave,6399.06
Hudson St & Reade St,5359.1
53 St & 4 Ave,3169.07
Monroe St & Patchen Ave,4491.09
41 St & 3 Ave,3388.02
30 Ave & 41 St,6812.06
Jerome Ave & Anderson Ave,8061.01
Elmhurst Ave & Forley St,6240.05
Lenox Ave & W 144 St,7910.01
3 St & 3 Ave,4028.03
W 144 St & Adam Clayton Powell Blvd,7932.1
Buffalo Ave & E New York Ave,3814.01
Waldron St & 108 St,6020.02
St Nicholas Terrace & Convent Ave,7937.15
Bayard St & Leonard St,5442.05
Amsterdam Ave & W 125 St,7800.03
52 St & 6 Ave,3084.05
34 Ave & 108 St,6609.03
Columbia Heights & Cranberry St,4829.01
Benham St & Roosevelt Ave,6314.09
Eastern Pkwy & Franklin Ave (SW Corner),3919.12
1 St & 6 Ave,3946.07
55 St & 5 Ave,3050.03
5 St & Market St,4843.01
Marion Ave & Mosholu Pkwy,8699.01
Rugby Rd & Albemarle Rd,3188.04
Goulden Ave & W 197 St,8707.01
31 St & Astoria Blvd,6989.07
E 48 St & Tilden Ave,3229.07
111 St & 37 Ave,6567.03
Prospect Ave & E 167 St,8008.03
W 190 St & St Nicholas Ave,8453.14
Thomas S. Boyland St & Fulton St,4138.04
Troy Ave & Park Pl,3934.07
Kingsbridge Terrace & W 230 St,8772.06
Prospect Ave & Vanderbilt St,3426.02
91 St & 23 Ave,6949.03
Goulden Ave & Bedford Park Blvd,8738.01
Church Ave & Nostrand Ave,3359.01
Fulton St & Utica Ave,4228.02
Frost St & Meeker Ave,5371.07
100 St & Lewis Ave,6105.02
60 Ave & Otis Ave,5945.01
Pacific St & Nostrand Ave,4140.03
Suydam St & Broadway,4689.03
Union St & Bedford Ave,3879.04
12 St & 4 Ave,3882.01
Van Sinderen Ave & Truxton St,4161.01
46 St & 25 Ave,6907.03
Ditmars Blvd & 19 St,7291.06
Borden Ave & Review Ave,6001.01
Wilson Ave & Troutman St,4864.09
Division Ave & Marcy Ave,5084.03
50 St & Northern Blvd,6511.03
Moffat St & Bushwick,4357.01
Putnam Ave & Throop Ave,4392.04
Rutland Rd & E 45 St,3567.05
65 St & 35 Ave,6417.04
Carroll St & Rochester Ave,3742.11
69 St & 38 Ave,6298.04
Tyler Ave & Maurice Ave,5881.01
Somers St & Rockaway Ave,4170.08
Willoughby Ave & Wyckoff Ave,5010.02
Kingston Ave & Carroll St,3831.03
Pacific St & Troy Ave,4122.03
Crotona Ave & E 183 St,8387.03
Seaman Ave & Beak St,8650.11
43 St & 35 Ave,6520.06
Fort Washington Ave & W 173 St,8320.01
Pacific St & Thomas S. Boyland St,4023.05
57 St & Woodside Ave,6234.01
Lincoln Pl & Nostrand Ave,3952.07
South End Ave & Albany St,5114.08
103 St & Martense Ave,6062.03
Hope St & Union Ave,5187.03
16 St & 4 Ave,3811.05
Bushwick Ave & Furman Ave,4317.05
55 Ave & 90 St,6005.04
Irving Ave & Jefferson St,5051.02
Harman St & Seneca Ave,5002.09
Kingston Ave & Park Pl,4016.03
Malcolm X Blvd & DeKalb Ave,4648.03
76 St & 21 Ave,7032.02
MacDougal St & Rockaway Ave,4212.01
81 St & 24 Ave,6855.02
Pacific St & Rochester Ave,4113.01
Central Ave & Melrose St,4832.07
Sedgwick Ave & W 231 St,8756.07
Fulton St & Williams Ave,4120.02
50 St & 7 Ave,3038.08
Columbus Pl & Atlantic Ave,4146.02
Myrtle Ave & Lewis Ave,4729.01
Manhattan Ave & Devoe St,5219.05
Broadway & Whipple St,4883.03
Park Ave & St Edwards St,4700.06
Front St & Gold St,4927.04
Manhattan Ave & Leonard St,5442.09
Graham Ave & Withers St,5403.04
30 St & 4 Ave,3564.04
Suydam St & St Nicholas Ave,5043.06
31 Ave & 30 St,6857.09
St Johns Pl & Washington Ave,4001.09
Scholes St & Lorimer St,5076.04
Steinway St & 21 Ave,7137.04
33 St & 47 Ave,6185.04
Corona Ave & 102 St,6222.04
E 157 St & River Ave,8005.03
Dyckman St & Henshaw St,8636.04
West Thames St,5114.06
Henry St & Bay St,3972.08
55 Ave & 97 Pl,6070.05
41 Ave & 77 St,6290.06
3 Ave & E 100 St,7414.17
Kingston Ave & Montgomery St,3759.07
24 Ave & 29 St,7119.04
St Marks Ave & Thomas S. Boyland St,4023.01
N Henry St & Norman Ave,5656.03
Prospect Park SW & 10 Ave,3611.02
64 St & Woodbine St,5057.09
Hancock St & Malcolm X Blvd,4342.04
Kingsland Ave & Nassau Ave,5613.04
Leonard St & Maujer St,5148.03
Bushwick Ave & Linden St,4600.09
Queens Blvd & Albion Ave,6056.02
Monroe St & Marcus Garvey Blvd,4467.03
Driggs Ave & Lorimer St,5481.04
McDonald Ave & Vanderbilt St,3394.03
Prospect Pl & Nostrand Ave,4025.02
Nelson Ave & W 172 St,8290.01
Corona Ave & 92 St,6155.03
46 St & 30 Rd,6703.06
Parkside Ave & Parade Pl,3376.04
Clarkson Ave & Nostrand Ave,3472.03
Clarkson Ave & E 37 St,3463.01
E 134 St & Walnut Ave,7613.04
Cambridge Pl & Gates Ave,4377.04
Bergen St & Mother Gaston Blvd,4055.04
Menahan St & Central Ave,4672.01
President St & Nostrand Ave,3839.02
Ashland Pl & Dekalb Ave,4513.09
DeKalb Ave & Franklin Ave,4528.01
Winthrop St & Nostrand Ave,3544.02
35 St & 23 Ave,7047.07
26 Ave & 2 St,7165.01
Central Ave & Weirfield St,4591.04
Corona Ave & 90 St,6123.02
Riverside Dr & W 153 St,8108.02
Myrtle Ave & Linden St,4816.02
Wyckoff Ave & Stanhope St,4931.05
Steinway St & 23 Ave,7009.02
Throop Ave & Myrtle Ave,4697.01
Jefferson Ave & Patchen Ave,4375.02
Queens Blvd & Broadway,5930.02
Cedar St & Myrtle Ave,4751.01
W 190 St & Broadway,8474.02
Pioneer St & Richards St,4128.08
Jefferson Ave & Evergreen Ave,4517.03
61 St & Laurel Hill Blvd,5998.09
Clermont Ave & Park Ave,4692.01
Menahan St & Wyckoff Ave,4890.11
Chauncey St & Stuyvesant Ave,4196.05
Linden St & Knickerbocker Ave,4743.04
Knickerbocker Ave & Thames St,5018.06
Seaman Ave & Isham St,8665.02
Harrison Pl & Porter Ave,5090.06
Madison St & Evergreen Ave,4560.01
Jay St & Tech Pl,4710.06
Sterling Pl & Ralph Ave,3958.02
41 St & 4 Ave,3347.03
Flushing Ave & Woodward Ave,5225.02
Prospect Pl & Underhill Ave,4116.08
Knickerbocker Ave & Hancock St,4663.02
Willoughby St & Ashland Pl,4587.02
Fresh Pond Rd & 69 Ave,4945.06
Barry St & Tiffany St,7844.05
39 Ave & 45 St,6401.03
36 St & Hunters Point Ave,5992.02
Lefferts Ave & Schenectady Ave,3710.07
Bay St & Court St,3931.09
Prospect Ave & Longwood Ave,7870.02
Pacific St & Sackman St,4014.01
Water St & Gouverneur Ln,4993.15
E 174 St & Longfellow Ave,8144.09
Eastern Pkwy & Troy Ave,3862.07
Stuyvesant Ave & Gates Ave,4458.06
62 St & Northern Blvd,6536.02
51 Ave & Corona Ave,6213.01
51 Ave & Alstyne Ave,6180.05
Washington Ave & Greene Ave,4419.03
Eastern Pkwy & Ralph Ave,3845.05
72 St & Woodside Ave,6141.02
34 Ave & 71 St,6493.03
Broadway & W 185 St,8416.07
51 St & 43 Ave,6242.1
Central Park West & W 76 St,7253.04
W 95 St & Broadway,7541.01
W 26 St & 10 Ave,6382.05
E 58 St & 1 Ave (NW Corner),6723.1
Pillar Broadway & W 25 St,8901.05
65 Ln & Metropolitan Ave,5199.01
Southpoint Park,6566.01
Stewart Ave & Johnson Ave,5123.07
W Tremont Ave & Matthewson Rd,8428.04
21 Ave & 80 St,7060.02
48 St & 2 Ave,3283.05
111 St & Roosevelt Ave,6448.07
Wallabout St & Kent Ave,4826.04
River Ave & E 153 St,8005.08
Knickerbocker Ave & Moffat St,4582.08
60 Pl & Flushing Ave,5431.01
Taylor St & Bedford Ave,4982.02
Skillman Ave & 54 St,6276.05
Lee Ave & Taylor St,5053.01
Church Ave & E 45 St,3341.06
Winthrop St & Schenectady Ave,3526.04
E 21 St & Church Ave,3294.03
New York Ave & Snyder Ave,3246.06
Bushwick Ave & Stagg St,5140.06
Buchanan Pl & Grand Ave,8535.01
Chauncey St & Howard Ave,4293.05
Arthur Ave & E 183 St,8430.03
5 Ave & 37 St,3379.03
Church Ave & Story St,3007.05
72 St & Northern Blvd,6570.06
Andrews Ave S & W 179 St,8483.02
Davidson Ave & W Burnside Ave,8441.05
Flatbush Ave & Fenimore St,3520.01
Crotona Pkwy & Elsmere Pl,8252.03
Broadway & Van Cortlandt Park S,8879.02
Bedford Ave & Fenimore St,3552.09
Clarkson Ave & Troy Ave,3454.01
Morris Ave & E Burnside Ave,8441.01
St Marks Ave & Rochester Ave,4039.04
Carroll St & Utica Ave,3782.03
21 Ave & Shore Blvd,7342.01
88 St & Astoria Blvd,6848.04
E 153 St & E 157 St,8025.01
Greene Ave & Myrtle Ave,4784.02
Bus Slip & State St,4889.06
20 Ave & Shore Blvd,7391.02
2 Ave & 32 St,3532.02
St James Pl & Pearl St,5167.06
Matthews Ct & Coney Island Ave,3034.02
60 Ave & Fresh Pond Rd,5321.08
E 16 St & Cortelyou Rd,3070.04
Beverley Rd & E 49 St,3187.01
34 St & 5 Ave,3451.01
Beaver St & Fayette St,4840.06
Tilden Ave & Nostrand Ave,3172.01
5 Ave & 67 St,2782.02
E 3 St & Church Ave,3046.03
Schenectady Ave & President St,3822.08
60 Pl & Bleecker St,5138.03
34 Ave & 48 St,6554.05
Cortelyou Rd & Argyle Rd,2984.04
Dyckman St & Staff St,8655.02
W Tremont Ave & Montgomery Ave,8407.03
St Johns Pl & Howard Ave,3917.03
Southern Blvd & E 174 St,8163.05
Putnam Ave & Wyckoff Ave,4735.03
Prospect Park SW & Greenwood Ave,3385.06
West Farms Rd & Boone Ave,8076.08
New York Ave & Montgomery St,3728.05
Dyckman St & 10 Ave,8507.02
Martense Ave & 108 St,6138.02
Lenox Rd & E 43 St,3495.08
E 34 St & Linden Blvd,3391.1
Bailey Ave & Sedgwick Ave,8643.01
Fairview Ave & Linden St,5066.03
W 218 St & Indian Rd,8732.04
University Ave & W 168 St,8183.02
Ogden Ave & W 165 St,8149.09
Empire Blvd & New York Ave,3728.04
31 Ave & 103 St,6763.08
Park Pl & Utica Ave,3966.03
Grand Ave & W Fordham Rd,8571.02
E 178 St & Monterey Ave,8351.06
University Ave & W Burnside Ave,8462.09
Amory Ct & Metropolitan Ave,5217.03
2 Ave & 36 St,3460.01
Grand Concourse & E 181 St,8456.05
W Fordham Rd & Loring Pl N,8590.01
Eames Pl & Claflin Ave,8672.05
34 St & 48 Ave,6110.01
54 St & 37 Ave,6468.01
Broadway & W 234 St,8849.03
Grand Concourse & E 184 St,8531.05
64 St & 53 Dr,5688.02
Claflin Ave & Reservoir Ave,8756.03
Bleecker St & Forest Ave,5176.04
St James Ave & 51 Ave,6014.01
Washington Ave & E 174 St,8277.03
Bedford Ave & Clarkson Ave,3439.03
Vyse Ave & E 181 St,8306.03
104 St & 38 Ave,6457.06
Marble Hill Ave & W 227 St,8776.02
Intervale Ave & Kelly St,8044.09
Webster Ave & Ford St,8472.08
2 Ave & 39 St,3460.05
Longfellow Ave & Aldus St,7983.02
Prospect Pl & Howard Ave,3991.04
Southern Blvd & E 187 St,8427.05
Butler St & 27 Ave,6869.06
Irwin Ave & W 232 St,8835.05
Hunts Point Ave & Bryant Ave,7820.05
Tibbett Ave & W 234 St,8866.01
24 Ave & 92 St,6913.03
92 St & Astoria Blvd,6810.01
E 160 St & Tinton Ave,7931.05
W Tremont Ave & Grand Ave,8384.03
Rogers Pl & E 165 St,7987.14
Boston Rd & E 178 St,8248.05
Gerard Ave & E 164 St,8077.07
E 169 St & Webster Ave,8122.04
Marcy Ave & Lynch St,4933.03
9 Ave & W 204 St,8559.04
Prospect Ave & Jennings St,8099.04
Sedgwick Ave & Hall of Fame Terrace,8539.02
Nagle Ave & Ellwood St,8528.05
Beverley Rd & Nostrand Ave,3132.09
E 180 St & Prospect Ave,8346.06
Tinton Ave & E 165 St,7991.01
Suffolk St & Stanton St,5445.02
W 43 St & 10 Ave,6756.01
Greene Ave & Throop Ave,4510.04
Arthur Ave & E Tremont Ave,8293.12
Carroll St & Washington Ave,3887.03
E 44 St & 2 Ave,6422.09
Bergen St & Kingston Ave,4089.01
Bradley Ave & Greenpoint Ave,5917.02
Louis Nine Blvd & Intervale Ave,8114.02
Aqueduct Ave & W 190 St,8605.06
61 St & Borden Ave,5611.04
51 St & Queens Blvd,6167.03
Yankee Ferry Terminal,4440.02
Church Ave & E 42 St,3309.04
62 St & 4 Ave,2923.01
Troy Ave & Linden Blvd,3382.04
Picnic Point,4374.01
Bedford Ave & Albemarle Rd,3256.04
Keegan Rd & 2 Ave,3019.03
Cortelyou Rd & E 34 St,3087.01
64 St & 3 Ave,2971.02
47 Ave & 109 St,6329.06
Borden Ave & 25 St,6086.02
57 Rd & 59 St,5510.02
Greenpoint Ave & Monitor St,5851.01
Broadway & Ellwood St,8547.04
Clinton Ave & E Tremont Ave,8272.01
Anthony Ave & E Tremont Ave,8356.04
Morgan Loading Docks,8902.05
E 188 St & Hughes Ave,8485.01
W 211 St & 10 Ave,8647.1
E 169 St & Fox St,8024.05
Union Ave & E 169 St,8064.03
Schenectady Ave & Cortelyou Rd,3155.01
Jerome Ave & E 181 St,8478.11
Berry St & N 8 St,5379.09
Maurice Ave & 53 Dr,5731.03
Pier 40 X2,8903.05
Jerome Ave & W 177 St,8362.09
E 44 St & Lexington Ave,6464.09
E 15 St & 3 Ave,5863.07
14 St & 5 Ave,3771.06
51 Ave & 61 St,5923.02
N 6 St & Bedford Ave,5379.1
Riverside Dr & W 78 St,7340.06
Halsey St & Evergreen Ave,4474.01
E 5 St & Cooper Sq,5712.12
Rivington St & Ridge St,5406.02
Montrose Ave & Bushwick Ave,5068.02
Woodside Ave & 55 St,6276.02
Mt Morris Park W & W 120 St,7685.14
W 20 St & 5 Ave,6098.02
Popham Ave & W 174 St,8348.02
Lewis Ave & Madison St,4425.02
W 13 St & 7 Ave,6030.04
Lefferts Pl & Franklin Ave,4222.02
Calyer St & Jewel St,5743.02
Grand Ave & 58 Ave,5471.04
W 41 St & 8 Ave,6602.03
Bayard St & Baxter St,5351.03
2 Ave & E 104 St,7436.11
Spring St & Hudson St,5653.12
34th Ave & Vernon Blvd,6873.01
Broadway & W 53 St,6779.05
Willoughby Ave & Tompkins Ave,4665.02
George St & Wilson Ave,4906.07
Old Slip & South St,4993.13
Central Ave & Flushing Ave,4947.04
Herkimer St & New York Ave,4172.04
W 116 St & Amsterdam Ave,7692.11
River Ter & Warren St,5368.03
E 76 St & Park Ave,7128.08
31 Ave & 34 St,6819.15
W 30 St & 10 Ave,6459.07
Carmine St & 6 Ave,5763.03
W 63 St & Broadway,7052.01
Humboldt St & Varet St,4956.02
E 170 St & Webster Ave,8156.03
Edgecombe Ave & W 141 St,7915.11
Montague St & Clinton St,4677.06
Morris Ave & McClellan St,8107.1
43 Ave & 47 St,6209.05
Ave D & E 3 St,5436.09
Decatur Ave & Oliver Pl,8631.03
9 Ave & W 219 St,8696.05
59 St & 5 Ave,2961.05
Sherman Ave & Thayer St,8583.02
Sedgwick Ave & Hillman Ave,8828.02
Ditmars Blvd & 94 St,6978.04
McKeever Pl & Sullivan Pl,3776.1
Hoe Ave & Jennings St,8095.06
Grand Concourse & E 171 St,8194.06
E 174 St & Walton Ave,8285.09
Broadway & W 220 St,8715.01
Albany Ave & Park Pl,3975.02
Dwight St & Dikeman St,4054.06
Maple St & New York Ave,3617.02
Ditmars Blvd & 43 St,7039.03
Sands St Gate,4812.04
W 204 St & Vermilyea Ave,8632.07
34 Ave & 74 St,6451.07
Brooklyn Ave & Lefferts Ave,3688.06
Westchester Ave & Jackson Ave,7853.01
7 Ave & 20 St,3588.01
Monitor St & Meeker Ave,5473.06
Morgan Ave & Maspeth Ave,5354.01
Gerard Ave & McClellan St,8145.03
South Railroad Ave & Broadway,6090.03
30 Ave & 12 St,7034.09
49 Ave & 108 St,6255.02
30 Ave & 70 St,6727.02
E 149 St & Jackson Ave,7812.01
57 St & 1 Ave,3178.02
56 Dr & 59 St,5579.02
97 St & 57 Ave,5953.03
Aqueduct Ave & North St,8535.09
Hamilton Park,8899.05
87 St & 30 Ave,6780.06
Brunswick St,8900.05
Faile St & Garrison Ave,7922.01
